Curso,Disciplina,Aula,Título da Aula,Objetivo de Aprendizagem,Conteúdo Estruturado,Conceitos-Chave,Exemplos Práticos,Exercícios,Nível de Dificuldade,Pré-requisitos,Carga Horária,Roteiro de Vídeo,Referências Técnicas
Técnico em Enfermagem,Português,1,Introdução à Comunicação,Compreender a comunicação como instrumento técnico-terapêutico de precisão.,Introdução ao tema: A comunicação efetiva é fundamental e deve permear todos os encontros .  Fundamentação teórica: Instrumento técnico-terapêutico .  Aplicação prática: Fortalecimento de vínculo .  Erros comuns: Falta de clareza .  Resumo final: Processo de mão dupla.,Comunicação efetiva; Instrumento técnico-terapêutico.  +1,Ajustar a linguagem à idade e cultura da pessoa para garantir o entendimento correto da terapia.,1. Por que a comunicação é considerada uma habilidade central para os profissionais de enfermagem?.,Básico,Nenhum,10 minutos,"Abertura: ""A comunicação é tão importante quanto o cuidado em si"" .  Explicação didática progressiva: A troca de informações como espinha dorsal da segurança .  +1Exemplo prático narrado: Uma consulta com foco na clareza do vocabulário .  Recapitulação: A comunicação de mão dupla.  Encerramento: Interação gera segurança.",Tratado Multidimensional; Guia de Habilidades de Comunicação.  +1
Técnico em Enfermagem,Português,2,Fundamentos Gramaticais,Aplicar a competência linguística para evitar ambiguidades em registros.,Introdução ao tema: A competência linguística como ferramenta crítica .  Fundamentação teórica: Regras gramaticais e semântica .  Aplicação prática: Redação objetiva e padronizada .  Erros comuns: Interpretações errôneas por falta de clareza .  Resumo final: Clareza é um imperativo de segurança.,Competência linguística; Semântica do cuidado.  +1,Evitar ambiguidades na redação de doses ou condutas no prontuário do paciente.,1. De que forma os fundamentos gramaticais impactam a segurança do paciente?.,Intermediário,Aula 1,12 minutos,"Abertura: ""Uma vírgula pode alterar um tratamento inteiro.""Explicação didática progressiva: As bases gramaticais na enfermagem .  Exemplo prático narrado: O impacto de um prontuário mal estruturado .  Recapitulação: A escrita como instrumento de cuidado.Encerramento: A segurança mora nos detalhes da escrita.  ",Tratado Multidimensional da Prática de Enfermagem.
Técnico em Enfermagem,Português,3,Redação de Relatórios,Capacitar o aluno a redigir relatórios cronológicos baseados na norma culta.,"Introdução ao tema: O relatório como documento contínuo do cuidado.Fundamentação teórica: Norma culta e estruturação de fatos .  Aplicação prática: Relato cronológico com data, hora, intervenções e respostas .  Erros comuns: Uso de abreviações não padronizadas.  Resumo final: O relatório reflete a qualidade do cuidado diário.",Relato cronológico; Norma culta.  +1,"O registro correto de uma alteração clínica seguida de intervenção, registrando hora exata e a resposta do indivíduo.  ",1. Quais são os elementos obrigatórios na estrutura de um relatório de enfermagem?.,Alto,Aula 2,15 minutos,"Abertura: ""O que não está escrito, não foi feito.""Explicação didática progressiva: Estruturação de data, hora e fatos cronológicos .  Exemplo prático narrado: Redigindo a passagem de plantão perfeitamente.  Recapitulação: A regra de ouro da documentação.Encerramento: Clareza e padrão salvam o paciente e o profissional.",Tratado Multidimensional.
Técnico em Enfermagem,Português,4,Erros Comuns na Escrita,Identificar e corrigir falhas comuns que afetam a continuidade do cuidado.,Introdução ao tema: A fragilidade gerada pelos erros de registro.Fundamentação teórica: Concordância nominal e verbal .  Aplicação prática: Correção de gírias e jargões inadequados .  Erros comuns: Ausência ou insuficiência de informações e letra ilegível .  Resumo final: O erro de escrita interrompe a linha do cuidado.,Ilegibilidade; Abreviações.  +2,"Substituir a anotação ""P bem"" para o termo técnico adequado, descrevendo o estado clínico completo.  ","1. Por que é perigoso usar a abreviação ""P"" para paciente sem o devido contexto?.  ",Intermediário,Aula 3,10 minutos,"Abertura: ""O paciente sofre quando a informação falta"" .  +1Explicação didática progressiva: Os perigos da letra ilegível e abreviações soltas .  +2Exemplo prático narrado: O risco de omitir a dose nas anotações .  +2Recapitulação: Informações essenciais: hora, dose, via e reações.  +1Encerramento: Escreva para que todos entendam.",Práticas seguras na administração de medicamentos.
Técnico em Enfermagem,Português,5,Resumo: Comunicação Eficaz,Transitar entre a linguagem técnica (equipe) e a acolhedora (paciente).,Introdução ao tema: A dialética da comunicação na assistência .  Fundamentação teórica: A adequação vocabular.Aplicação prática: Transição entre linguagem técnica e acolhedora .  +1Erros comuns: Usar jargão médico com os familiares.Resumo final: Comunicação de precisão é a espinha dorsal da segurança hospitalar.  +1,Adequação de Linguagem; Segurança do Paciente.  +1,Explicar o quadro para a equipe multiprofissional com termos técnicos e traduzi-lo de forma simples para a família.  +1,1. Explique por que o enfermeiro precisa dominar duas formas diferentes de comunicação na rotina clínica..  +1,Básico,Aula 4,9 minutos,"Abertura: ""A linguagem que acolhe e a linguagem que salva.""Explicação didática progressiva: A espinha dorsal da segurança do paciente .  +1Exemplo prático narrado: A passagem de plantão vs. a conversa no leito.  +1Recapitulação: Adaptabilidade da fala.Encerramento: O domínio verbal é o seu melhor bisturi.",Tratado Multidimensional.  +1
Técnico em Enfermagem,Psicologia,6,O Paciente Biopsicossocial,"Reconhecer a pessoa como ser singular, biopsicossocial e espiritual.","Introdução ao tema: A pessoa em sua totalidade .  Fundamentação teórica: Conceito ampliado de saúde e singularidade .  Aplicação prática: Reconhecer os sentimentos e a capacidade do usuário nas decisões .  Erros comuns: Tratar o paciente apenas como a doença biológica.Resumo final: A saúde integra mente, corpo, contexto social e crenças espirituais.  ",Biopsicossocial; Singularidade.  +1,Envolver o usuário na elaboração do próprio tratamento considerando sua cultura e religião.,1. O que significa prestar um cuidado centrado no ser biopsicossocial e espiritual?.,Básico,Nenhum,11 minutos,"Abertura: ""A doença atinge o corpo, mas quem sofre é a pessoa inteira.""Explicação didática progressiva: O modelo biopsicossocial e a teoria humanizada .  Exemplo prático narrado: Um plano de cuidado que respeita as crenças do usuário.  Recapitulação: Totalidade e necessidades humanas.Encerramento: Enxergue a pessoa, não a patologia.",Guia de habilidades de comunicação.
Técnico em Enfermagem,Psicologia,7,Psicologia e Desenvolvimento,Entender as necessidades das pessoas para promover autonomia e autocuidado.,Introdução ao tema: A relação com o desenvolvimento humano.Fundamentação teórica: Teoria das Necessidades Humanas Básicas .  +1Aplicação prática: Educação do usuário para o autocuidado e apoio aos familiares .  +1Erros comuns: Ignorar as expectativas dos usuários sobre a sua saúde.  Resumo final: Respeitar a capacidade e o momento de cada paciente fortalece o vínculo.,Necessidades Humanas Básicas; Autocuidado.  +1,Permitir que o paciente idoso expresse suas preocupações emocionais antes do procedimento.  +1,1. De que maneira a Teoria de Wanda de Aguiar Horta se reflete na comunicação?.  +1,Intermediário,Aula 6,13 minutos,"Abertura: ""Como o desenvolvimento humano afeta a forma como lidamos com a doença?""Explicação didática progressiva: Autocuidado e Teorias de Enfermagem .  +1Exemplo prático narrado: Adaptando orientações para um idoso crônico.  +1Recapitulação: Incentivando a independência.Encerramento: A autonomia é parte da cura.",Guia de Habilidades de Comunicação.  +1
Técnico em Enfermagem,Psicologia,8,A Relação e a Escuta,Desenvolver técnicas de escuta ativa e uso do silêncio terapêutico.,Introdução ao tema: O poder do silêncio na relação terapêutica.Fundamentação teórica: Habilidade de escuta ativa e silêncio .  +1Aplicação prática: Controlar os próprios sentimentos para conseguir ouvir e observar o indivíduo .  +2Erros comuns: Falar demais e ouvir menos durante o atendimento .  +1Resumo final: O silêncio dá tempo ao paciente para organizar os pensamentos.  +1,Escuta ativa; Silêncio terapêutico.  +2,"Fazer uma pausa intencional após dar um diagnóstico, aguardando o paciente processar e falar.  +2",1. Por que o silêncio é considerado uma técnica ativa de comunicação em enfermagem?.  +1,Alto,Aula 7,15 minutos,"Abertura: ""Às vezes, a melhor intervenção é simplesmente ficar em silêncio.""Explicação didática progressiva: O silêncio como ferramenta e a falha de falar demais .  +1Exemplo prático narrado: Uma escuta qualificada sem interrupções.  Recapitulação: Dar tempo ao outro.Encerramento: O silêncio acolhe.",Guia de Habilidades de Comunicação.
Técnico em Enfermagem,Psicologia,9,Falhas no Acolhimento,Identificar abordagens que dificultam o entendimento e a relação de confiança.,Introdução ao tema: Barreiras na comunicação clínica.Fundamentação teórica: Fragmentação de informações .  +1Aplicação prática: Dividir informações complexas em blocos menores .  Erros comuns: Uso de estruturas de frases complexas e excesso de termos técnicos .  +2Resumo final: Muitas informações ditas de uma só vez prejudicam a compreensão do usuário.,Fragmentar e Verificar; Simplicidade.  +2,"Pausar após explicar uma parte do tratamento para checar se o paciente entendeu (""Fragmente e verifique"").  +2","1. Explique a técnica do ""Fragmente e verifique"" e sua utilidade na comunicação.  +2",Intermediário,Aula 8,12 minutos,"Abertura: ""O excesso de informação pode ser tão prejudicial quanto a falta dela.""Explicação didática progressiva: O medo de parecer ignorante frente aos jargões .  +1Exemplo prático narrado: A técnica do bloco de informações (Fragmente e verifique).  Recapitulação: Evitando a sobrecarga cognitiva do paciente.Encerramento: Fale aos poucos, e sempre cheque o entendimento.",Guia de Habilidades.  +1
Técnico em Enfermagem,Psicologia,10,Resumo: Cuidado Psicológico,"Compreender protocolos de manejo emocional, como o SPIKES e o NURSE.","Introdução ao tema: Gerenciando emoções em cenários difíceis.Fundamentação teórica: Protocolos SPIKES e NURSE .  +1Aplicação prática: Nomear a emoção, demonstrar empatia e validar as respostas .  +1Erros comuns: Fornecer mais de três informações por vez em momentos críticos .  Resumo final: Reconhecer e aceitar a angústia do paciente é o pilar da enfermagem empática.  +2",Protocolo SPIKES; Método NURSE.  +1,"Usar o ""N"" de Naming (nomeando) do método NURSE para validar a tristeza de um familiar.  ",1. Quais são as 6 etapas do protocolo SPIKES para dar notícias difíceis?.,Alto,Aula 9,15 minutos,"Abertura: ""Como comunicar uma notícia que mudará a vida de alguém para sempre?""Explicação didática progressiva: Passo a passo do protocolo SPIKES .  Exemplo prático narrado: Acolhendo as reações emocionais e o silêncio .  Recapitulação: O método NURSE para angústia emocional.  +1Encerramento: A técnica apoia o seu lado humano.",Guia de Habilidades de Comunicação.  +1
Técnico em Enfermagem,Ética Profissional,11,A Base Ética da Enfermagem,Refletir sobre as dimensões éticas e bioéticas do agir profissional.,Introdução ao tema: A dimensão ética do cuidar .  +1Fundamentação teórica: Tomada de decisão com autonomia e discernimento .  +1Aplicação prática: Resolução de conflitos de forma rápida e com participação coletiva .  +2Erros comuns: Agir de forma mecânica sem integrar os processos de consciência e empatia .  +1Resumo final: O agir ético garante a segurança do profissional e a excelência na assistência primária.  +1,Bioética; Autonomia Profissional.  +1,Utilizar os princípios bioéticos para decidir sobre a prioridade em uma triagem de unidade de saúde.  +1,1. Como as dimensões éticas e bioéticas influenciam a tomada de decisão do enfermeiro?.  +1,Básico,Nenhum,10 minutos,"Abertura: ""A ética é o escudo invisível que protege a sua carreira.""Explicação didática progressiva: Autonomia, discernimento e a bioética no dia a dia .  +1Exemplo prático narrado: Mediar um conflito bioético com participação da equipe.  +2Recapitulação: Consciência e coragem.Encerramento: A ética é o norte da sua bússola clínica.",Artigo SciELO: Segurança do profissional e problemas éticos.  +4
Técnico em Enfermagem,Ética Profissional,12,O Código de Ética e Leis,Entender o Código de Ética e a responsabilidade social do enfermeiro.,"Introdução ao tema: A regulamentação da prática de enfermagem.Fundamentação teórica: O Código de Ética dos Profissionais de Enfermagem (CEPE) .  +2Aplicação prática: Exercer a profissão com liberdade, segurança técnica e ambiental .  +1Erros comuns: Desconhecer os direitos de atuar em um ambiente livre de riscos .  Resumo final: O CEPE visa garantir o respeito à dignidade humana e proteger os direitos profissionais.  ",CEPE; Direitos profissionais.  +1,Exigir condições seguras de trabalho (EPIs) baseando-se no Art. 2º do CEPE.,"1. Segundo o Art. 1º do CEPE, quais os pressupostos para o exercício da enfermagem?.  +1",Intermediário,Aula 11,12 minutos,"Abertura: ""Você sabe o que o Conselho de Enfermagem garante a você?""Explicação didática progressiva: Princípios fundamentais do CEPE e defesa de políticas públicas .  +1Exemplo prático narrado: O direito a um ambiente de trabalho livre de violência .  Recapitulação: Liberdade, segurança técnica e científica.  +1Encerramento: O código é seu dever e seu direito.",Resolução COFEN Nº 564/2017.  +1
Técnico em Enfermagem,Ética Profissional,13,Sigilo na Prática,Aplicar o sigilo profissional em todos os níveis da assistência.,"Introdução ao tema: A confiança entre o paciente e o profissional.Fundamentação teórica: Abster-se de revelar informações confidenciais do paciente .  Aplicação prática: Utilizar meios de comunicação restritos para passagem de plantão, assegurando o anonimato externo .  Erros comuns: Comentar casos clínicos em ambientes públicos (corredores, elevadores) .  Resumo final: O sigilo é um direito do paciente assegurado ética e legalmente no CEPE.  ",Confidencialidade; Exercício Profissional.,Recusar repassar informações clínicas de um paciente pelo telefone para alguém que não foi autorizado.,1. O que diz o Artigo 12 do Código de Ética sobre informações confidenciais?.,Alto,Aula 12,11 minutos,"Abertura: ""O prontuário é do paciente, o sigilo é sua obrigação.""Explicação didática progressiva: As bases da confidencialidade na enfermagem.  Exemplo prático narrado: O risco de falar de pacientes fora do setor.Recapitulação: Exceções estritas da quebra de sigilo.Encerramento: Seu silêncio gera confiança.",Recomendações Cofen.
Técnico em Enfermagem,Ética Profissional,14,Infrações Comuns e Redes Sociais,Evitar a exposição antiética e penalizações através do uso de redes.,Introdução ao tema: O impacto digital na ética da saúde.Fundamentação teórica: Condutas antiéticas em redes sociais estabelecidas pelo Coren .  +2Aplicação prática: Não expor a figura do paciente como divulgação de técnica ou tratamento sem autorização expressa .  +2Erros comuns: Divulgar imagens sensacionalistas ou informações que causam pânico .  +2Resumo final: O uso de redes sociais por enfermeiros exige responsabilidade para não gerar infrações.  +2,Sensacionalismo; Redes Sociais.  +3,"Evitar postar fotos do ambiente cirúrgico ou ferimentos para ""ganhar curtidas"" no Instagram.  +1",1. Cite duas práticas proibidas pelo conselho referentes ao uso de imagens de pacientes.  +1,Básico,Aula 13,10 minutos,"Abertura: ""Um clique pode acabar com o seu registro profissional.""Explicação didática progressiva: Diretrizes do Coren sobre mídias e sensacionalismo .  +1Exemplo prático narrado: Postar foto técnica que causa pânico social.  +1Recapitulação: O paciente não é ""conteúdo"".Encerramento: A ética continua valendo no mundo virtual.",Coren-RJ: Condutas antiéticas nas redes.  +2
Técnico em Enfermagem,Ética Profissional,15,Resumo: Humanização e Lei,Articular o Código de Ética aos valores de humanização no cuidado.,"Introdução ao tema: A convergência entre a lei e a empatia.Fundamentação teórica: A Enfermagem é comprometida com a produção e gestão do cuidado .  +1Aplicação prática: Promover o ser humano em sua integralidade, respeitando a Bioética e defendendo Políticas Públicas .  +1Erros comuns: Tratar o Código de Ética apenas como punitivo, esquecendo sua base humanística .  Resumo final: O cuidado é executado na prática social e cotidiana de assistir com justiça e competência.  +1",Integralidade; Prática Social.  +2,A união da técnica perfeita com a honestidade e a lealdade durante um atendimento complexo.,1. Como o CEPE define a base do conhecimento para o cuidado da Enfermagem?.,Básico,Aula 14,9 minutos,"Abertura: ""A ética e a lei caminham lado a lado com a humanização.""Explicação didática progressiva: Promoção da pessoa em sua integralidade e bioética .  +1Exemplo prático narrado: Defesa das políticas públicas na atenção básica .  +1Recapitulação: A enfermagem como prática social.  Encerramento: O cuidado humanizado é respaldado pela lei.",Resolução COFEN Nº 564/2017.  +1
Técnico em Enfermagem,Anatomia e Fisiologia I,16,Introdução à Estrutura Corporal,Relacionar a morfofisiologia aplicada à execução do cuidado diário.,Introdução ao tema: O conhecimento anatômico na clínica.Fundamentação teórica: A morfofisiologia aplicada é a base para identificar anormalidades estruturais .  +2Aplicação prática: Avaliação da barreira de proteção (tegumentar) e prevenção de lesões .  Erros comuns: Fazer a higiene do paciente sem realizar a inspeção tegumentar .  Resumo final: O domínio do corpo humano transforma a técnica em um ato consciente.  +2,Morfofisiologia; Inspeção tegumentar.  +3,Avaliar o sistema tegumentar durante o banho no leito para detectar áreas de pressão precocemente.,1. Por que a inspeção do sistema tegumentar é vital na enfermagem?.  +1,Intermediário,Nenhum,10 minutos,"Abertura: ""Cuidar exige conhecer as engrenagens do corpo.""Explicação didática progressiva: A estrutura macroscópica e os sistemas corporais básicos .  +2Exemplo prático narrado: Avaliando a pele e as articulações durante o banho .  Recapitulação: Prevenção de lesões por pressão.  Encerramento: A anatomia não é decoreba, é sua ferramenta clínica.",Tratado Multidimensional.  +2
Técnico em Enfermagem,Anatomia e Fisiologia I,17,Sistemas de Sustentação e Comando,Avaliar as interações nervosas e ósseas no manejo de pacientes.,"Introdução ao tema: Os sistemas que movem e controlam o paciente.Fundamentação teórica: Sistema esquelético e nervoso e suas funções principais .  +1Aplicação prática: Manejo de traumas, imobilizações e avaliação do nível de consciência (Glasgow) .  Erros comuns: Desconhecer a mecânica corporal na hora de realizar mudanças de decúbito.Resumo final: Sustentação e comando são cruciais para a estabilidade neurológica e motora.  ",Sustentação; Escala de Glasgow.  +1,Utilizar os conhecimentos do sistema nervoso para aplicar e interpretar a Escala de Glasgow.,1. Qual é a principal implicação clínica da avaliação do sistema nervoso pela equipe de enfermagem?.,Alto,Aula 16,13 minutos,"Abertura: ""O que mantém o paciente estável e consciente?""Explicação didática progressiva: Anatomia do sistema esquelético e do sistema nervoso central .  Exemplo prático narrado: A avaliação rápida do trauma e nível de consciência.  Recapitulação: Da imobilização ao exame neurológico.Encerramento: Proteja o eixo do corpo.",Tratado Multidimensional.
Técnico em Enfermagem,Anatomia e Fisiologia I,18,Anatomia Aplicada a Procedimentos,Executar procedimentos invasivos ancorados no conhecimento anatômico.,"Introdução ao tema: Anatomia guiando a técnica.Fundamentação teórica: Conhecimento exato de nervos, veias e músculos .  Aplicação prática: Injeção intramuscular no quadrante superior externo da região glútea .  Erros comuns: Punções cegas sem verificar os pontos de referência anatômicos.Resumo final: A anatomia aplicada a procedimentos é o conhecimento que previne iatrogenias.  +1",Quadrante glúteo; Iatrogenia.  +1,Identificar através da palpação óssea o local correto para administrar medicação sem causar danos nervosos.,1. Em qual região anatômica específica deve ser aplicada a injeção intramuscular glútea para segurança?.,Alto,Aula 17,15 minutos,"Abertura: ""A anatomia é o mapa que evita o erro fatal.""Explicação didática progressiva: Como mapear o corpo antes de furar .  Exemplo prático narrado: Desenhando o quadrante superior externo do glúteo para a via IM.  Recapitulação: A barreira de segurança anatômica.Encerramento: A ciência protege a agulha.",Tratado Multidimensional.
Técnico em Enfermagem,Anatomia e Fisiologia I,19,Erros de Localização Anatômica,"Prevenir falhas mecânicas severas, como danos nervosos.",Introdução ao tema: O preço do erro anatômico.Fundamentação teórica: Lesão do nervo ciático por punção .  Aplicação prática: Conferência dupla de sítios de aplicação antes do preparo .  Erros comuns: Causar dor crônica ou paralisia por aplicação muito baixa ou central no glúteo .  Resumo final: Erros de localização anatômica são causas evitáveis de iatrogenias graves.,Lesão Ciática; Causas evitáveis.  +1,Revisar protocolos institucionais de administração e aplicar rodízio de sítios com segurança.,1. O que é uma iatrogenia grave no contexto da aplicação intramuscular? Dê um exemplo.,Intermediário,Aula 18,10 minutos,"Abertura: ""Um milímetro para o lado e o paciente pode perder o movimento da perna.""Explicação didática progressiva: A patologia da lesão ciática .  Exemplo prático narrado: Um caso de iatrogenia evitável.  Recapitulação: Consequências legais e clínicas da má técnica.Encerramento: O erro não tem vez quando o conhecimento atua.",Tratado Multidimensional.
Técnico em Enfermagem,Administração de Unidades de Enfermagem,20,"Resumo: Setor Organizado, Paciente Seguro",Reconhecer como a gestão do espaço físico reflete no controle de riscos.,"Introdução ao tema: A organização do espaço como terapêutica.Fundamentação teórica: O controle de infecção e a disciplinarização do ambiente .  Aplicação prática: Manutenção do posto de enfermagem organizado, com protocolos em locais próprios e limpos .  +1Erros comuns: Manter papéis, impressos e lixo orgânico espalhados pelo balcão de prescrição .  Resumo final: Um espaço organizado centraliza e garante a manutenção segura das práticas terapêuticas em estado grave.  +2",Disciplinarização; Organização do Posto.  +3,"Retirar lixos, copos e rascunhos da mesa de prescrição para evitar acidentes e perda de documentos.  ",1. Quais os perigos da desorganização visual e física do posto de enfermagem numa UTI?.,Básico,Nenhum,11 minutos,"Abertura: ""A cura começa na organização do balcão de enfermagem.""Explicação didática progressiva: A materialidade do setor e a presença de protocolos/livros .  +1Exemplo prático narrado: O impacto de uma área desorganizada na agilidade do plantão.  Recapitulação: Manutenção da higiene de equipamentos e estações.Encerramento: Ambiente limpo, mente clara.",A Integralidade nas Práticas de Controle de Infecção.  +3
Técnico em Enfermagem,Matemática Aplicada,21,A Matemática que Salva Vidas,Entender os cálculos como fator primordial de segurança na medicação.,"Introdução ao tema: O cálculo seguro de medicações.Fundamentação teórica: Segurança na prescrição, uso e administração .  +1Aplicação prática: Identificar o usuário antes de administrar, para garantir a precisão do cuidado e do cálculo infundido .  Erros comuns: Confundir dosagens de homônimos na hora do preparo .  +1Resumo final: A identificação e a checagem correta dos insumos previnem falhas operacionais.  +1",Segurança na Prescrição; Identificação Correta.  +2,"Antes de administrar um gotejamento, verificar o nome do paciente, a pulseira e a dosagem do rótulo.  +1","1. Por que, matematicamente e na rotina de segurança, a identificação do paciente vem antes do cálculo da dose?.  +1",Intermediário,N/A,10 minutos,"Abertura: ""Seu erro de cálculo vai parar direto na corrente sanguínea de alguém.""Explicação didática progressiva: Os protocolos de segurança e a checagem dupla .  +1Exemplo prático narrado: A confusão entre leitos e homônimos antes de infundir o soro.  +2Recapitulação: Confirmar a pulseira e a etiqueta.Encerramento: A matemática sem verificação é cega.",Segurança do Paciente (SES/DF).  +1
Técnico em Enfermagem,Matemática Aplicada,22,Regra de Três e Conversões,Executar regras de três para precisão na dosagem e conversões métricas.,Introdução ao tema: A introdução precisa de medicamentos.Fundamentação teórica: A responsabilidade pelas informações e conhecimentos no preparo .  Aplicação prática: Conversão de unidades lidas na prescrição para o miligrama ou micrograma disponível na ampola .  +1Erros comuns: Dúvidas e insegurança no processo de conversão causando administração errada .  +1Resumo final: O domínio matemático dissipa incertezas e mitiga erros gravíssimos.  +1,Conversão de Unidades; Preparo Seguro.  +1,"Realizar o cálculo de uma ampola que traz mg/ml, mas foi prescrita em volume menor.  +1",1. Como a insegurança no processo de cálculo impacta o paciente diretamente?.  +1,Alto,Aula 21,15 minutos,"Abertura: ""Não tenha medo dos números, tenha medo de não saber usá-los.""Explicação didática progressiva: Conversão de g para mg para mcg .  +1Exemplo prático narrado: Montando a regra de três no quadro para descobrir os ml's da ampola .  +1Recapitulação: A técnica vence a insegurança.  +1Encerramento: Multiplique a atenção, divida o risco.",Cálculo de Medicamentos Coren-BA.  +1
Técnico em Enfermagem,Matemática Aplicada,23,Cálculo de Gotejamento,Manejar bombas e equipos conforme a velocidade fisiológica prescrita.,"Introdução ao tema: A disciplinarização do horário e velocidade.Fundamentação teórica: Horários de medicação e tempo de gotejamento na manutenção da eficácia das drogas .  Aplicação prática: Cálculo de macrogotas e microgotas para infusões contínuas no setor .  Erros comuns: Priorizar outros cuidados e esquecer o controle da vazão da medicação, alterando seu efeito .  Resumo final: A soroterapia exige respeito estrito à matemática do tempo para assegurar a efetividade clínica.  ",Gotejamento Contínuo; Efetividade das Drogas.,"Reprogramar a taxa de infusão de um soro que atrasou, calculando as novas gotas/minuto para finalizar no turno.  ",1. Por que o respeito à matemática do tempo/vazão é crucial para as drogas utilizadas?.,Alto,Aula 22,14 minutos,"Abertura: ""Correr rápido demais mata, correr devagar demais não faz efeito.""Explicação didática progressiva: Fórmulas de tempo vs. volume. A importância do horário .  Exemplo prático narrado: Ajustando o equipo macrogotas à beira leito.Recapitulação: A prioridade dos medicamentos críticos.  Encerramento: Cada gota importa no balanço total.",Controle de Infecção e Disciplina.
Técnico em Enfermagem,Matemática Aplicada,24,O Perigo da Superdosagem,Reconhecer o erro matemático como infração ética e causa de iatrogenias.,"Introdução ao tema: Riscos e falhas no preparo.Fundamentação teórica: A ação do profissional depende de consciência e segurança técnica .  Aplicação prática: Dupla checagem da prescrição no registro com hora, dose e via para evitar repetições .  +1Erros comuns: Não anotar que a dose já foi dada, causando superdosagem pelo colega do próximo turno .  +1Resumo final: A anotação minuciosa (dosagem/quantidade) impede superdosagens acidentais e reações adversas graves.  +4",Iatrogenia; Superdosagem; Dupla Checagem.  +1,"Após calcular a medicação, registrar os miligramas precisos e a hora no sistema.  +1",1. Explique como a ausência de registro da dose dada na evolução pode gerar uma superdosagem no próximo turno.,Alto,Aula 23,12 minutos,"Abertura: ""A medicação aplicada não registrada é um erro duplo.""Explicação didática progressiva: Por que a falta de registro causa redosagem .  Exemplo prático narrado: A reação grave por dose dobrada não checada .  +1Recapitulação: Hora, dose, via e reação.  +1Encerramento: Segurança se faz com matemática e escrita.",Os 13 certos da medicação.  +1
Técnico em Enfermagem,Matemática Aplicada,25,Resumo: O Domínio dos Números,Consolidar a teoria matemática aplicada ao cuidado integral.,"Introdução ao tema: A revisão da introdução de fármacos .  +1Fundamentação teórica: Obtenção de efeitos terapêuticos plenos .  +1Aplicação prática: Aplicação de checklists matemáticos pré-infusão, superando a dúvida .  +1Erros comuns: Hesitar e não buscar confirmação quando há incerteza sobre o cálculo .  +1Resumo final: Consciência matemática eleva o nível técnico e preserva a vida humana.  ",Efeito Terapêutico; Consciência e Segurança.  +2,Usar uma calculadora simples de bolso no posto de enfermagem em caso de incerteza da diluição.  +1,"1. Por que ""dúvida, incerteza e insegurança"" são considerados os maiores fatores de risco na administração de drogas?.  +1",Intermediário,Aula 24,9 minutos,"Abertura: ""O fechamento do ciclo medicamentoso: você é o último filtro.""Explicação didática progressiva: Superando a insegurança técnica com revisões e tabelas .  +1Exemplo prático narrado: A postura ideal de um técnico seguro .  Recapitulação: Preparo e introdução para sucesso da terapia.  +1Encerramento: Cuidar é uma equação de amor e exatidão.",Cálculo de Medicamentos Coren-BA.  +1
Técnico em Enfermagem,Método de Pesquisa,26,Ciência Baseando a Prática,Compreender como as bases científicas formulam as rotinas da assistência.,"Introdução ao tema: Enfermagem como prática baseada em fatos e leis.Fundamentação teórica: A pesquisa delineia as ideias e metodologias sobre um problema investigado .  Aplicação prática: Buscar resoluções de problemas em saúde adaptando para a realidade sociocultural do usuário .  Erros comuns: Restringir-se à informação teórico-científica sem traduzi-la para a realidade prática e territorial .  Resumo final: A ciência fornece a técnica, mas ela precisa ser adaptada à comunidade.  ",Método Investigativo; Realidade Sociocultural.  +1,Utilizar os dados de um estudo nacional de vacinas e criar um plano para aplicar no posto local.,1. Como a tradução da pesquisa científica se aplica na resolução de problemas de um território específico?.,Básico,N/A,11 minutos,"Abertura: ""Como a pesquisa sai do laboratório e chega no posto de saúde?""Explicação didática progressiva: A base do projeto de pesquisa e o papel da ciência .  Exemplo prático narrado: Adaptando um estudo de controle de epidemias para o contexto de um bairro carente.  Recapitulação: A união da técnica com a cultura.Encerramento: Ciência viva é ciência útil.",Normas ABNT; Normas de Vacinação.  +1
Técnico em Enfermagem,Método de Pesquisa,27,Como a Ciência Funciona,Formular hipóteses clínicas baseadas na observação do cotidiano.,Introdução ao tema: O nascimento da pesquisa.Fundamentação teórica: Formulação de problemas mensuráveis e hipóteses .  Aplicação prática: Identificar uma falha no plantão (ex: alta infecção) e estruturar metas gerais e específicas .  +2Erros comuns: Criar problemas não observáveis ou ignorar os referenciais bibliográficos na proposição .  Resumo final: A pesquisa começa delimitando o problema com exatidão.  +2,Hipótese e Problema; Objetivos Mensuráveis.  +3,"Investigar empiricamente a taxa de acesso venoso perdido na unidade, criando uma hipótese de pesquisa.  +2",1. Diferencie o objetivo geral dos objetivos específicos na estruturação de um trabalho acadêmico de saúde.  +2,Intermediário,Aula 26,13 minutos,"Abertura: ""Toda descoberta na medicina começou com uma pergunta bem feita.""Explicação didática progressiva: Formulação do problema e hipótese (mensurável/quantificável) .  Exemplo prático narrado: O enfermeiro que virou cientista na própria UTI .  +2Recapitulação: A justificativa como pilar.  +2Encerramento: Questione a rotina, ache a resposta.",Diretrizes de Projetos PUC Minas.  +2
Técnico em Enfermagem,Método de Pesquisa,28,TCC e Normas ABNT,Aplicar o rigor da escrita científica em normas padronizadas brasileiras.,"Introdução ao tema: Padronização visual da ciência.Fundamentação teórica: Normas da ABNT para seções, tipografia e espaçamento .  +2Aplicação prática: Configuração de sumários, referências e listas de símbolos em documentos .  +3Erros comuns: Citar autores não lidos ou ignorar as margens obrigatórias .  +3Resumo final: A ABNT garante universalidade, permitindo que a pesquisa seja compreendida de forma idêntica por todos.  +2",Padronização ABNT; Elementos pós-textuais.  +3,Utilizar margens padrão de 3cm e 2cm e espaçamento simples nas referências de um TCC.  +3,1. Como deve ser organizada a lista de referências ao final do artigo segundo a ABNT?.  +1,Alto,Aula 27,15 minutos,"Abertura: ""A ABNT parece o vilão do TCC, mas ela é a linguagem universal.""Explicação didática progressiva: Margens, espaçamentos e títulos nas seções primárias e secundárias .  +3Exemplo prático narrado: Formatando referências no final do TCC .  +3Recapitulação: Sumário automático e anexos.  +3Encerramento: A regra cria padrão, o padrão gera credibilidade.",Diretrizes de Projetos PUC Minas.  +2
Técnico em Enfermagem,Método de Pesquisa,29,Fontes Não Confiáveis e Plágio,Diferenciar citações legítimas e buscas válidas em sistemas de indexação.,Introdução ao tema: Onde buscar a verdade científica.Fundamentação teórica: Bases como LILACS e SciELO .  +2Aplicação prática: Citações autor-data no corpo do texto e elaboração correta de rodapés explicativos .  +3Erros comuns: Utilizar citações sem referência ou grifar partes sem indicar 'grifo nosso' .  Resumo final: Ética científica obriga o pesquisador a dar crédito exato através do sistema de referências rigoroso.,SciELO/LILACS; Citação e Plágio.  +2,Formatar citação de livro e de portal eletrônico para evitar acusações de plágio.  +2,1. Como indicar ênfase em uma citação que já foi traduzida por você?.,Intermediário,Aula 28,12 minutos,"Abertura: ""Copiar e colar é roubo intelectual.""Explicação didática progressiva: Como citar e parafrasear corretamente sem plagiar .  +2Exemplo prático narrado: Buscando artigos seguros no SciELO .  +2Recapitulação: Citação de sites, vídeos e entrevistas.  +3Encerramento: Acredite nas fontes validadas.",Diretrizes de Projetos PUC Minas.  +2
Técnico em Enfermagem,Método de Pesquisa,30,Resumo: A Evolução da Enfermagem,Refletir sobre a construção contínua das diretrizes assistenciais.,Introdução ao tema: A conclusão e aplicação do estudo .  Fundamentação teórica: Pesquisa clínica impactando o dia-a-dia do enfermeiro .  +1Aplicação prática: Comparar os achados com a literatura e modificar rotinas defasadas na enfermaria .  Erros comuns: Terminar a pesquisa e engavetá-la sem aplicar nas rotinas de segurança da unidade.Resumo final: Sintetizar os resultados ressaltando consequências diretas do estudo clínico revoluciona a saúde.,Considerações Finais; Inovação no Ensino.  +1,Escrever a consideração final de um TCC propondo novos POPs para a ala hospitalar.  +1,"1. Segundo as normas técnicas, qual é o objetivo das ""Considerações Finais"" no artigo científico?.  ",Básico,Aula 29,9 minutos,"Abertura: ""De nada adianta descobrir a cura se ela ficar numa prateleira.""Explicação didática progressiva: Interpretação de dados no TCC .  Exemplo prático narrado: A pesquisa que mudou o protocolo de punção venosa no hospital .  Recapitulação: Considerações finais que trazem impacto.  Encerramento: Faça ciência que altera realidades.",Diretrizes de Projetos PUC Minas.
Técnico em Enfermagem,Prática Profissional e Atendimento Básico à Saúde,31,Da Teoria ao Leito,Exercer os saberes em ambiente contínuo de 24 horas.,"Introdução ao tema: A enfermagem como força matriz e presencial.Fundamentação teórica: Prestar assistência direta e contínua baseada no saber científico .  Aplicação prática: Cuidar do processo saúde-doença além da dimensão biológica, num espaço complexo .  +1Erros comuns: Negligenciar a dimensão da técnica ao assumir postura relapsa nos primeiros contatos .  Resumo final: O cuidado beira leito impõe ao futuro profissional uma capacitação constante da técnica que foi aprendida em sala.  +2",Saber Clínico Especializado; Cuidado Direto.  +4,"Observar o fluxo ininterrupto de 24h em uma UTI, garantindo cuidado seguro à noite.  +3",1. Por que o profissional de enfermagem precisa dominar a teoria de controle de infecção antes de atuar no leito?.,Intermediário,Todas,12 minutos,"Abertura: ""A teoria no papel é limpa; no leito, ela exige suor e ciência.""Explicação didática progressiva: O processo ininterrupto das 24h e o saber especializado .  +4Exemplo prático narrado: O choque entre sala de aula e o caos ordenado do setor de internação .  Recapitulação: O cuidado não foca só na biologia.  Encerramento: A teoria ganha vida pelas suas mãos.",A Integralidade nas Práticas de Controle de Infecção.  +4
Técnico em Enfermagem,Prática Profissional e Atendimento Básico à Saúde,32,Protocolos Vivos,Aplicar fluxos organizacionais na prática assistencial para uniformização do cuidado.,"Introdução ao tema: Transformar rotinas de papel em ações vitais.Fundamentação teórica: Normatizações internas e protocolos para estabelecer competências e padronizar práticas .  +2Aplicação prática: Uso do checklist do cateter ou protocolo de radiologia para prevenir falhas sequenciais .  +4Erros comuns: O profissional imprimir ""dimensão pessoal"" ignorando o protocolo técnico da instituição (ex: puncionar sem luva) .  +3Resumo final: Protocolos de saúde só protegem o paciente se o profissional executá-los com rigor sem pular etapas de segurança.  +3",Normatização; Segurança do Paciente.  +3,"Lavar o glicosímetro com álcool 70 e SEMPRE calçar luva antes de puncionar, conforme as regras da unidade.  ","1. Relate o perigo de imprimir uma ""técnica pessoal"" desrespeitando as normas de biossegurança de um protocolo oficial.  +2",Alto,Aula 31,14 minutos,"Abertura: ""O protocolo não é burocracia, é um mapa de voo seguro.""Explicação didática progressiva: A uniformização das ações e a importância de checklists .  +2Exemplo prático narrado: A profissional que coletou glicemia sem luvas vs. a técnica asséptica impecável .  +2Recapitulação: Fugas de rotinas são atalhos perigosos.  Encerramento: Confie e obedeça ao protocolo da instituição.",Controle de Infecção / Prevenção MS.  +3
Técnico em Enfermagem,Prática Profissional e Atendimento Básico à Saúde,33,Mão na Massa e Registro,Consolidar a capacidade de documentar tudo o que for procedido com o paciente.,"Introdução ao tema: A anotação clínica in loco.Fundamentação teórica: Os registros representam comunicação formal essencial para o processo do cuidado humano e planejamento .  +2Aplicação prática: Anotar as atividades de assistência (diagnósticos, procedimentos, intercorrências) nos relatórios com assinatura e Coren .  +3Erros comuns: Negligenciar as anotações, reduzindo o histórico a rascunhos informais que se perdem .  Resumo final: Prontuário fidedigno espelha as reais condições do paciente e respalda o profissional em auditorias.  +4",Auditoria e Avaliação; Comunicação Escrita.  +1,"Detalhar na evolução o aspecto de uma ferida, volume e característica de eliminação, e mudança de decúbito.  ","1. Por que o Livro de Relatório de Enfermagem é considerado parte da ""materialidade"" vital do setor?.  +1",Alto,Aula 32,15 minutos,"Abertura: ""A sua palavra final como profissional fica eternizada na sua evolução.""Explicação didática progressiva: A anotação como controle de qualidade e fins estatísticos .  +1Exemplo prático narrado: Discriminando sequencialmente o estado neurológico, respiratório e as eliminações na passagem .  +2Recapitulação: Assinatura, data e Coren são obrigatórios.  Encerramento: Faça acontecer, anote com perfeição.",Integralidade nas Práticas / Recomendações Cofen.  +2
Técnico em Enfermagem,Prática Profissional e Atendimento Básico à Saúde,34,Erros Inaceitáveis no Estágio,Evitar imperícias perigosas que afetam a higiene e a terapêutica direta.,"Introdução ao tema: Limites do aprendizado beira-leito.Fundamentação teórica: O processo de cuidar exige intuição aliada ao pensamento crítico, vedada a imprudência .  Aplicação prática: Descartar perfurocortantes corretamente no ""Descarpack"" e lavar as mãos de forma padronizada entre pacientes .  +3Erros comuns: Acomodar medicamentos em pias, usar caixas improvisadas para agulhas ou realizar coletas com as mãos desprotegidas .  +2Resumo final: Omissões de materiais, não utilizar EPI ou realizar atos com descuido violam toda a ética da profissão e põem todos em risco.  +3",Perfurocortante; Contaminação.  +2,Descartar conectores injetores em descarpack adequado e aplicar álcool 70 antes de infundir um soro novo.  +3,1. Qual erro biosseguro crasso é exemplificado pela funcionária que colheu sangue sem luvas e largou a agulha solta?.  +3,Intermediário,Aula 33,11 minutos,"Abertura: ""O estágio não é desculpa para cometer irresponsabilidades de biossegurança.""Explicação didática progressiva: Os horrores do descarte improvisado e a pressa no plantão .  Exemplo prático narrado: Administrando medicamentos sem enluvar as mãos num cenário precário .  +2Recapitulação: Controle da infecção com lavagem constante.  Encerramento: Biossegurança em primeiro lugar, sempre.",Integralidade UTI / Prevenção ANVISA.  +2
Técnico em Enfermagem,Prática Profissional e Atendimento Básico à Saúde,35,Resumo: Profissional Formado,"Compreender a enfermagem como o equilíbrio de ética, relações e saberes.","Introdução ao tema: O valor do cuidado técnico humanizado.Fundamentação teórica: A ética na enfermagem é o ramo que enfatiza o relacionamento, manutenção da dignidade e cuidado colaborativo .  +1Aplicação prática: Cuidar do paciente e da família com autonomia e justiça social na equipe .  Erros comuns: Descartar o aspecto social e emocional após realizar somente as ""tarefas"" procedimentais do plantão .  Resumo final: A união da técnica perfeita (preparo de medicações, sinais, higienização) com a presença humana é o pilar da excelência formativa.  +1",Ética relacional; Dignidade e Colaboração.,Assumir o cuidado direto num turno contínuo mantendo a empatia técnica sob pressão.  +2,1. Diferencie a profissão de enfermagem perante as outras usando o conceito de 'dimensão humana e contato nas 24h'.  +3,Básico,Aula 34,10 minutos,"Abertura: ""Chegou o momento: você carrega a responsabilidade de ser Enfermagem.""Explicação didática progressiva: A profissão como maior força de trabalho focada no ser humano integral .  +2Exemplo prático narrado: Supervisionando a saúde física e as aspirações espirituais e sociais do enfermo .  Recapitulação: A ética da beneficência no fim da jornada de estágio.  +2Encerramento: Vá para o mercado e transforme vidas.",Integralidade nas Práticas / Ética.  +2
Técnico em Enfermagem,Letramento Digital,36,O Fim do Papel,Transição para a cultura informatizada nos hospitais.,"Introdução ao tema: A informática mudando a organização documental.Fundamentação teórica: Informática em saúde promovendo a educação, integração de dados e pesquisas hospitalares modernas .  +2Aplicação prática: Uso do prontuário eletrônico do paciente para registrar medicações e evitar erros de medicação causados por caligrafia confusa .  +2Erros comuns: Resistência à tecnologia e demora no lançamento das atividades estatísticas ou de evolução em sistemas .  Resumo final: O letramento digital é obrigatório para não perder a sintonia com os prontuários ágeis dos grandes centros.  +3",Prontuário eletrônico; Atualização digital.  +4,Registrar no tablet do hospital as atividades diárias do paciente para controle estatístico imediato.,1. Por que as escolas e hospitais devem utilizar recursos tecnológicos (EaD e Software) no cuidado e ensino do enfermeiro?.  +2,Básico,N/A,10 minutos,"Abertura: ""A caneta cedeu lugar ao teclado; e isso salva mais rápido.""Explicação didática progressiva: A evolução da informática no SUS e registros em terminais de computador .  +3Exemplo prático narrado: Diminuindo o risco de erro médico devido à ""letra feia"" (ausência de compreensão).  +2Recapitulação: Agilidade no acesso ao prontuário.Encerramento: Domine o sistema, facilite seu trabalho.",Portal Anatomia Aplicada/ Registros.  +2
Técnico em Enfermagem,Letramento Digital,37,Prontuários e LGPD,Respeitar as leis de tráfego de informação médica digital (sigilo).,"Introdução ao tema: O paciente no ambiente digital e a Lei de Proteção de Dados.Fundamentação teórica: A segurança das mídias, sigilo das informações e os impactos cíveis de descumprimentos éticos .  +2Aplicação prática: Não veicular, por áudios de WhatsApp, a condição de um internado, garantindo proteção estrita da informação .  +3Erros comuns: Divulgar ou fotografar procedimentos hospitalares para postar nas redes sociais .  +1Resumo final: O uso de prontuários em rede ou aplicativos no posto impõe rigor supremo com o tráfego dos dados de pessoas internadas.  +2",Vazamento Eletrônico; Segurança Cível e Penal.  +2,Evitar acessar o PEP de um familiar ou enviar exames via rede social que identifique o leito.  +2,"1. O que o conselho de ética diz sobre ""expor a figura do paciente como divulgação técnica"" na internet?.  +2",Intermediário,Aula 36,13 minutos,"Abertura: ""A sua tela de trabalho é território restrito.""Explicação didática progressiva: As penalidades éticas para fotos em UTI, WhatsApp no setor e prontuários .  +3Exemplo prático narrado: A demissão de profissionais por vazamentos sensacionalistas no plantão.  Recapitulação: Cuidado e restrição absoluta de acesso.Encerramento: Sigilo é lei no papel e na internet.",Coren-RJ Redes / Recomendações Cofen.  +2
Técnico em Enfermagem,Letramento Digital,38,Operando Ferramentas Clínicas,Desenvolver habilidades comunicacionais por intermédio da tecnologia.,"Introdução ao tema: Teleconsulta e gestão clínica em tela.Fundamentação teórica: A telessaúde e a teleconsulta surgem como novas ferramentas de atenção primária baseadas na comunicação guiada .  +1Aplicação prática: Optar pelo uso da vídeo-chamada para manter os serviços em funcionamento e observar um mínimo de comunicação não verbal .  Erros comuns: Executar consultas por texto (mensagem) limitando a avaliação comportamental/física que previne riscos .  +1Resumo final: O enfermeiro deve aprender a realizar triagem digital preenchendo todos os módulos (histórico, prescrição) na tela.  ",Teleconsulta; Tecnologias TIC.  +1,"Conduzir uma triagem em saúde primária através de videoconferência, permitindo ao paciente o ""minuto de ouro"" para se expressar.  +2","1. Por que, ao utilizar ferramentas TIC para teleconsultas, o enfermeiro deve priorizar a vídeo-chamada e não textos?.  ",Alto,Aula 37,14 minutos,"Abertura: ""A saúde chega ao celular do paciente: a revolução da teleconsulta.""Explicação didática progressiva: Os desafios de reestruturação do acesso no SUS na era remota .  +1Exemplo prático narrado: Uma teleconsulta para orientações usando vídeo para suprir o contato presencial.  Recapitulação: Os registros dos achados da câmera diretamente no software.Encerramento: A tecnologia rompe a distância da clínica.",Guia UFPEL Comunicação.  +1
Técnico em Enfermagem,Letramento Digital,39,Os Hackers e as Falhas Humanas,Mitigar vazamentos acidentais pela má gestão digital dentro da rotina.,Introdução ao tema: Educação em segurança da informação no setor.Fundamentação teórica: A vulnerabilidade das tecnologias desenvolvidas (softwares) e das tecnossocialidades .  +3Aplicação prática: Controlar os logins dos sistemas oficiais de validação de leitos para não expor a arquitetura de banco de dados .  +2Erros comuns: Deixar a estação (computador do posto) logada com sua credencial após preencher os relatórios .  +2Resumo final: Ferramentas síncronas de gerenciamento demandam o uso correto de logins próprios (intransferíveis) e ética rigorosa de acesso.  +3,Acesso Restrito; Tecnossocialidade.  +2,"Realizar logout absoluto da máquina na UTI ao terminar de evoluir um paciente, impedindo edições indevidas por terceiros no seu nome.  +2","1. O que é ""tecnossocialidade"" e como a equipe pode utilizá-la positivamente para resolver conflitos de dúvidas de forma segura?.  +2",Intermediário,Aula 38,12 minutos,"Abertura: ""O seu login é a sua assinatura criminal digital.""Explicação didática progressiva: Vulnerabilidades em sistemas online hospitalares .  +3Exemplo prático narrado: O risco de compartilhar senhas e a tecnossocialidade mal aplicada.  +2Recapitulação: Protegendo a rede hospitalar de ""insiders"".Encerramento: Proteja seus dados como protege seus pacientes.",Portal Anatomia Aplicada / Segurança do Profissional.  +2